Group Report - Group All params,,,,,,
,,,,,,
Date,Time,US Embassy-New Delhi,US Consulate-Chennai,US Consulate-Kolkata,US Consulate-Mumbai,US Consulate-Hyderabad
,,PM2.5_Delhi,PM2.5_Chennai,PM2.5_Kolkata,PM2.5_Mum,PM2.5_HYD
,,µg/m3,µg/m3,µg/m3,µg/m3,µg/m3
1/1/2016,1:00 AM,322,46,399,265,104
1/1/2016,2:00 AM,395,38,401,164,155
1/1/2016,3:00 AM,433,38,412,160,122
1/1/2016,4:00 AM,413,38,382,142,94
1/1/2016,5:00 AM,401,32,383,163,96
1/1/2016,6:00 AM,383,41,418,128,77
1/1/2016,7:00 AM,386,73,604,96,109
1/1/2016,8:00 AM,372,83,467,80,88
1/1/2016,9:00 AM,354,31,576,101,90
1/1/2016,10:00 AM,297,30,545,93,99
1/1/2016,11:00 AM,196,38,235,74,110
1/1/2016,12:00 PM,138,34,277,68,89
1/1/2016,1:00 PM,238,36,233,55,72
1/1/2016,2:00 PM,356,34,217,96,37
1/1/2016,3:00 PM,258,36,218,73,31
1/1/2016,4:00 PM,142,37,208,72,25
1/1/2016,5:00 PM,135,44,221,59,27
1/1/2016,6:00 PM,207,49,249,60,36
1/1/2016,7:00 PM,298,60,361,60,49
1/1/2016,8:00 PM,385,57,442,72,68
1/1/2016,9:00 PM,343,54,526,83,77
1/1/2016,10:00 PM,321,43,576,131,77
1/1/2016,11:00 PM,310,45,599,166,79
01/01/2016 24:00 AM,,300,43,412,243,80
2/1/2016,1:00 AM,290,41,354,181,87
2/1/2016,2:00 AM,277,37,408,135,79
2/1/2016,3:00 AM,236,47,323,138,76
2/1/2016,4:00 AM,213,64,209,148,77
2/1/2016,5:00 AM,201,69,223,126,82
2/1/2016,6:00 AM,212,82,316,132,77
2/1/2016,7:00 AM,215,82,447,109,93
2/1/2016,8:00 AM,237,83,490,113,97
2/1/2016,9:00 AM,252,77,440,122,126
2/1/2016,10:00 AM,308,90,387,90,126
2/1/2016,11:00 AM,238,77,313,86,61
2/1/2016,12:00 PM,217,51,239,57,62
2/1/2016,1:00 PM,181,50,205,90,57
2/1/2016,2:00 PM,161,47,190,100,45
2/1/2016,3:00 PM,172,46,192,73,45
2/1/2016,4:00 PM,152,45,189,59,41
2/1/2016,5:00 PM,158,55,211,33,51
2/1/2016,6:00 PM,156,59,234,46,51
2/1/2016,7:00 PM,194,58,304,67,62
2/1/2016,8:00 PM,273,63,379,117,85
2/1/2016,9:00 PM,344,59,431,101,71
2/1/2016,10:00 PM,338,53,412,123,72
2/1/2016,11:00 PM,343,59,432,186,69
02/01/2016 24:00 AM,,385,100,392,170,78
3/1/2016,1:00 AM,382,88,301,259,114
3/1/2016,2:00 AM,406,90,427,231,83
3/1/2016,3:00 AM,494,76,386,177,83
3/1/2016,4:00 AM,536,92,359,170,106
3/1/2016,5:00 AM,472,77,399,146,80
3/1/2016,6:00 AM,536,83,490,124,71
3/1/2016,7:00 AM,484,95,578,129,74
3/1/2016,8:00 AM,442,94,547,153,75
3/1/2016,9:00 AM,513,91,540,199,98
3/1/2016,10:00 AM,549,89,303,197,94
3/1/2016,11:00 AM,322,40,230,180,100
3/1/2016,12:00 PM,279,36,227,142,62
3/1/2016,1:00 PM,202,34,248,91,43
3/1/2016,2:00 PM,163,34,251,63,38
3/1/2016,3:00 PM,184,37,261,56,35
3/1/2016,4:00 PM,151,43,239,60,36
3/1/2016,5:00 PM,156,47,248,60,39
3/1/2016,6:00 PM,157,48,236,62,46
3/1/2016,7:00 PM,171,45,263,81,84
3/1/2016,8:00 PM,297,39,341,107,133
3/1/2016,9:00 PM,288,39,333,132,69
3/1/2016,10:00 PM,327,40,312,126,81
3/1/2016,11:00 PM,344,35,309,119,71
03/01/2016 24:00 AM,,374,28,337,127,61
4/1/2016,1:00 AM,384,32,359,140,67
4/1/2016,2:00 AM,387,31,351,173,62
4/1/2016,3:00 AM,404,28,318,184,66
4/1/2016,4:00 AM,390,27,318,170,69
4/1/2016,5:00 AM,351,48,299,189,68
4/1/2016,6:00 AM,361,78,266,176,69
4/1/2016,7:00 AM,362,80,266,149,87
4/1/2016,8:00 AM,377,101,260,134,95
4/1/2016,9:00 AM,439,97,283,132,177
4/1/2016,10:00 AM,542,69,276,125,102
4/1/2016,11:00 AM,463,43,248,103,78
4/1/2016,12:00 PM,352,32,229,99,50
4/1/2016,1:00 PM,409,29,203,87,46
4/1/2016,2:00 PM,384,32,166,68,46
4/1/2016,3:00 PM,367,30,174,90,47
4/1/2016,4:00 PM,370,35,167,71,47
4/1/2016,5:00 PM,358,32,194,---,49
4/1/2016,6:00 PM,372,38,212,80,54
4/1/2016,7:00 PM,421,33,251,83,62
4/1/2016,8:00 PM,453,38,339,99,76
4/1/2016,9:00 PM,462,44,366,106,83
4/1/2016,10:00 PM,488,41,315,110,83
4/1/2016,11:00 PM,492,32,321,111,80
04/01/2016 24:00 AM,,480,33,267,155,82
5/1/2016,1:00 AM,566,31,240,187,97
5/1/2016,2:00 AM,435,28,246,225,77
5/1/2016,3:00 AM,415,28,240,154,92
5/1/2016,4:00 AM,416,51,238,122,71
5/1/2016,5:00 AM,408,73,233,132,81
5/1/2016,6:00 AM,390,78,269,120,117
5/1/2016,7:00 AM,388,119,330,130,112
5/1/2016,8:00 AM,424,158,403,131,141
5/1/2016,9:00 AM,437,132,472,138,---
5/1/2016,10:00 AM,457,110,391,148,108
5/1/2016,11:00 AM,435,---,355,110,86
5/1/2016,12:00 PM,322,39,---,85,69
5/1/2016,1:00 PM,221,30,InVld,109,65
5/1/2016,2:00 PM,143,30,264,89,59
5/1/2016,3:00 PM,199,40,234,78,59
5/1/2016,4:00 PM,209,38,227,92,54
5/1/2016,5:00 PM,258,51,227,106,64
5/1/2016,6:00 PM,278,InVld,247,86,59
5/1/2016,7:00 PM,299,38,271,89,68
5/1/2016,8:00 PM,333,31,260,112,77
5/1/2016,9:00 PM,373,33,289,115,88
5/1/2016,10:00 PM,361,33,296,156,78
5/1/2016,11:00 PM,343,32,303,185,79
05/01/2016 24:00 AM,,367,28,359,179,85
6/1/2016,1:00 AM,407,34,374,167,87
6/1/2016,2:00 AM,430,39,323,172,91
6/1/2016,3:00 AM,491,67,310,152,121
6/1/2016,4:00 AM,509,60,327,155,96
6/1/2016,5:00 AM,529,86,332,225,88
6/1/2016,6:00 AM,534,114,396,191,109
6/1/2016,7:00 AM,520,101,362,186,116
6/1/2016,8:00 AM,507,83,294,220,166
6/1/2016,9:00 AM,511,85,277,271,130
6/1/2016,10:00 AM,593,83,210,156,121
6/1/2016,11:00 AM,363,38,200,136,90
6/1/2016,12:00 PM,279,38,206,105,72
6/1/2016,1:00 PM,228,31,206,85,58
6/1/2016,2:00 PM,194,39,240,128,55
6/1/2016,3:00 PM,188,36,227,107,50
6/1/2016,4:00 PM,166,36,233,79,47
6/1/2016,5:00 PM,196,44,244,78,52
6/1/2016,6:00 PM,211,49,268,82,55
6/1/2016,7:00 PM,259,54,304,111,64
6/1/2016,8:00 PM,286,39,453,118,76
6/1/2016,9:00 PM,327,37,453,163,82
6/1/2016,10:00 PM,360,32,502,228,79
6/1/2016,11:00 PM,363,30,536,252,74
06/01/2016 24:00 AM,,366,32,544,212,68
7/1/2016,1:00 AM,364,31,463,243,65
7/1/2016,2:00 AM,369,31,520,281,65
7/1/2016,3:00 AM,---,---,---,---,72
7/1/2016,4:00 AM,366,30,442,308,63
7/1/2016,5:00 AM,406,33,378,256,70
7/1/2016,6:00 AM,431,31,369,206,75
7/1/2016,7:00 AM,475,47,556,196,79
7/1/2016,8:00 AM,524,41,578,215,83
7/1/2016,9:00 AM,552,39,616,247,89
7/1/2016,10:00 AM,608,31,379,259,75
7/1/2016,11:00 AM,584,31,280,183,84
7/1/2016,12:00 PM,437,---,328,148,54
7/1/2016,1:00 PM,349,---,324,164,43
7/1/2016,2:00 PM,374,---,304,164,41
7/1/2016,3:00 PM,448,---,303,149,37
7/1/2016,4:00 PM,558,---,286,117,39
7/1/2016,5:00 PM,409,---,283,101,48
7/1/2016,6:00 PM,432,---,308,99,45
7/1/2016,7:00 PM,434,---,355,119,53
7/1/2016,8:00 PM,450,---,350,115,89
7/1/2016,9:00 PM,501,---,334,134,77
7/1/2016,10:00 PM,566,---,254,161,76
7/1/2016,11:00 PM,577,---,284,174,78
07/01/2016 24:00 AM,,566,---,279,189,77
8/1/2016,1:00 AM,589,27,272,203,74
8/1/2016,2:00 AM,613,27,269,194,72
8/1/2016,3:00 AM,594,26,242,183,55
8/1/2016,4:00 AM,570,47,226,143,63
8/1/2016,5:00 AM,568,68,214,190,61
8/1/2016,6:00 AM,526,79,190,164,62
8/1/2016,7:00 AM,461,101,186,211,100
8/1/2016,8:00 AM,355,130,152,209,117
8/1/2016,9:00 AM,380,76,113,239,111
8/1/2016,10:00 AM,342,67,117,---,126
8/1/2016,11:00 AM,340,63,125,115,86
8/1/2016,12:00 PM,410,43,143,127,48
8/1/2016,1:00 PM,505,39,153,113,42
8/1/2016,2:00 PM,332,40,153,120,36
8/1/2016,3:00 PM,362,45,156,106,40
8/1/2016,4:00 PM,197,48,143,100,40
8/1/2016,5:00 PM,232,44,150,86,44
8/1/2016,6:00 PM,215,40,162,97,54
8/1/2016,7:00 PM,203,55,179,124,75
8/1/2016,8:00 PM,234,63,148,152,87
8/1/2016,9:00 PM,385,59,128,157,103
8/1/2016,10:00 PM,367,50,126,149,94
8/1/2016,11:00 PM,327,44,137,166,93
08/01/2016 24:00 AM,,310,49,124,190,81
9/1/2016,1:00 AM,306,96,103,195,79
9/1/2016,2:00 AM,277,79,99,185,81
9/1/2016,3:00 AM,271,88,127,176,96
9/1/2016,4:00 AM,262,88,134,171,76
9/1/2016,5:00 AM,214,93,146,156,95
9/1/2016,6:00 AM,230,95,164,125,121
9/1/2016,7:00 AM,313,122,164,143,105
9/1/2016,8:00 AM,369,144,207,173,89
9/1/2016,9:00 AM,353,140,246,146,111
9/1/2016,10:00 AM,309,104,253,175,106
9/1/2016,11:00 AM,212,---,188,167,103
9/1/2016,12:00 PM,152,---,164,89,55
9/1/2016,1:00 PM,120,20,138,69,27
9/1/2016,2:00 PM,92,22,130,76,27
9/1/2016,3:00 PM,62,22,125,---,28
9/1/2016,4:00 PM,58,22,111,60,25
9/1/2016,5:00 PM,58,25,109,59,38
9/1/2016,6:00 PM,80,26,135,54,46
9/1/2016,7:00 PM,107,28,189,59,56
9/1/2016,8:00 PM,129,29,164,---,76
9/1/2016,9:00 PM,170,17,198,99,76
9/1/2016,10:00 PM,222,31,241,108,84
9/1/2016,11:00 PM,241,26,253,144,66
09/01/2016 24:00 AM,,218,28,206,89,67
10/1/2016,1:00 AM,317,35,216,---,101
10/1/2016,2:00 AM,431,69,203,125,90
10/1/2016,3:00 AM,306,66,201,133,55
10/1/2016,4:00 AM,244,58,164,131,52
10/1/2016,5:00 AM,149,73,164,122,54
10/1/2016,6:00 AM,136,78,164,133,58
10/1/2016,7:00 AM,145,78,168,132,153
10/1/2016,8:00 AM,171,81,167,129,167
10/1/2016,9:00 AM,170,86,146,137,154
10/1/2016,10:00 AM,125,50,106,122,122
10/1/2016,11:00 AM,99,50,99,104,73
10/1/2016,12:00 PM,82,20,93,77,40
10/1/2016,1:00 PM,75,15,88,62,39
10/1/2016,2:00 PM,64,12,85,69,35
10/1/2016,3:00 PM,65,58,90,80,34
10/1/2016,4:00 PM,65,45,101,105,36
10/1/2016,5:00 PM,93,20,101,81,41
10/1/2016,6:00 PM,99,20,110,80,41
10/1/2016,7:00 PM,129,22,134,---,55
10/1/2016,8:00 PM,184,25,182,107,63
10/1/2016,9:00 PM,269,20,159,117,61
10/1/2016,10:00 PM,262,23,145,129,88
10/1/2016,11:00 PM,232,28,147,138,88
10/01/2016 24:00 AM,,238,21,129,153,85
11/1/2016,1:00 AM,220,21,120,169,75
11/1/2016,2:00 AM,233,22,128,180,69
11/1/2016,3:00 AM,270,45,123,210,61
11/1/2016,4:00 AM,290,51,127,205,69
11/1/2016,5:00 AM,279,68,171,191,70
11/1/2016,6:00 AM,258,---,194,146,60
11/1/2016,7:00 AM,273,---,206,131,74
11/1/2016,8:00 AM,334,108,248,156,105
11/1/2016,9:00 AM,500,110,258,130,133
11/1/2016,10:00 AM,313,61,181,129,77
11/1/2016,11:00 AM,230,28,183,106,82
11/1/2016,12:00 PM,150,20,127,101,46
11/1/2016,1:00 PM,104,22,102,71,46
11/1/2016,2:00 PM,73,21,88,127,43
11/1/2016,3:00 PM,78,24,89,127,50
11/1/2016,4:00 PM,69,25,81,129,47
11/1/2016,5:00 PM,67,24,103,117,48
11/1/2016,6:00 PM,72,33,126,92,51
11/1/2016,7:00 PM,104,29,140,88,79
11/1/2016,8:00 PM,133,33,168,99,88
11/1/2016,9:00 PM,238,34,237,133,99
11/1/2016,10:00 PM,231,36,299,137,89
11/1/2016,11:00 PM,242,35,323,113,110
11/01/2016 24:00 AM,,232,29,168,137,105
12/1/2016,1:00 AM,222,36,154,164,125
12/1/2016,2:00 AM,240,67,160,169,111
12/1/2016,3:00 AM,248,85,276,121,102
12/1/2016,4:00 AM,271,101,250,111,93
12/1/2016,5:00 AM,310,108,212,102,89
12/1/2016,6:00 AM,332,94,228,101,70
12/1/2016,7:00 AM,318,107,295,106,70
12/1/2016,8:00 AM,319,113,306,169,75
12/1/2016,9:00 AM,316,120,246,InVld,94
12/1/2016,10:00 AM,281,89,203,158,93
12/1/2016,11:00 AM,177,36,174,102,82
12/1/2016,12:00 PM,117,30,170,90,52
12/1/2016,1:00 PM,102,40,152,95,51
12/1/2016,2:00 PM,91,28,119,102,43
12/1/2016,3:00 PM,86,35,112,98,45
12/1/2016,4:00 PM,74,34,112,78,44
12/1/2016,5:00 PM,86,33,103,90,52
12/1/2016,6:00 PM,73,38,143,87,47
12/1/2016,7:00 PM,87,34,191,95,79
12/1/2016,8:00 PM,112,33,214,110,86
12/1/2016,9:00 PM,174,39,228,89,83
12/1/2016,10:00 PM,176,41,237,80,81
12/1/2016,11:00 PM,192,30,240,81,74
12/01/2016 24:00 AM,,209,27,269,78,85
13/01/2016,1:00 AM,227,27,224,85,115
13/01/2016,2:00 AM,233,29,240,72,120
13/01/2016,3:00 AM,235,24,262,75,117
13/01/2016,4:00 AM,249,19,307,66,98
13/01/2016,5:00 AM,284,40,316,67,109
13/01/2016,6:00 AM,290,78,293,64,89
13/01/2016,7:00 AM,300,108,332,78,126
13/01/2016,8:00 AM,295,143,387,79,168
13/01/2016,9:00 AM,294,122,439,166,199
13/01/2016,10:00 AM,263,33,194,139,140
13/01/2016,11:00 AM,253,30,234,127,79
13/01/2016,12:00 PM,251,24,---,106,49
13/01/2016,1:00 PM,223,26,184,119,46
13/01/2016,2:00 PM,231,21,145,100,44
13/01/2016,3:00 PM,235,28,118,81,49
13/01/2016,4:00 PM,353,28,127,78,54
13/01/2016,5:00 PM,414,35,121,80,61
13/01/2016,6:00 PM,421,34,158,82,54
13/01/2016,7:00 PM,481,42,247,99,69
13/01/2016,8:00 PM,471,36,263,120,70
13/01/2016,9:00 PM,459,43,264,151,63
13/01/2016,10:00 PM,477,44,262,163,63
13/01/2016,11:00 PM,408,38,294,178,72
13/01/2016 24:00 AM,,288,33,268,213,66
14/01/2016,1:00 AM,247,36,217,223,61
14/01/2016,2:00 AM,216,51,225,238,67
14/01/2016,3:00 AM,227,100,246,251,59
14/01/2016,4:00 AM,221,145,250,268,47
14/01/2016,5:00 AM,217,180,259,186,48
14/01/2016,6:00 AM,241,301,264,189,58
14/01/2016,7:00 AM,231,559,291,219,71
14/01/2016,8:00 AM,201,774,318,260,143
14/01/2016,9:00 AM,211,698,234,266,122
14/01/2016,10:00 AM,222,181,171,140,81
14/01/2016,11:00 AM,230,49,140,---,63
14/01/2016,12:00 PM,245,51,132,75,52
14/01/2016,1:00 PM,245,59,135,---,42
14/01/2016,2:00 PM,291,34,146,---,41
14/01/2016,3:00 PM,285,36,151,44,48
14/01/2016,4:00 PM,271,47,---,45,48
14/01/2016,5:00 PM,259,41,185,54,51
14/01/2016,6:00 PM,236,33,200,55,53
14/01/2016,7:00 PM,254,32,206,66,62
14/01/2016,8:00 PM,264,35,236,59,63
14/01/2016,9:00 PM,276,33,185,67,58
14/01/2016,10:00 PM,275,26,177,67,66
14/01/2016,11:00 PM,269,27,218,67,75
14/01/2016 24:00 AM,,274,28,193,87,58
15/01/2016,1:00 AM,289,19,167,74,58
15/01/2016,2:00 AM,274,20,155,82,63
15/01/2016,3:00 AM,271,23,188,85,61
15/01/2016,4:00 AM,277,13,196,65,60
15/01/2016,5:00 AM,245,14,176,89,58
15/01/2016,6:00 AM,199,16,183,72,64
15/01/2016,7:00 AM,151,78,292,117,64
15/01/2016,8:00 AM,134,129,236,140,63
15/01/2016,9:00 AM,150,132,185,156,64
15/01/2016,10:00 AM,180,45,145,125,62
15/01/2016,11:00 AM,166,20,131,63,62
15/01/2016,12:00 PM,154,24,103,68,56
15/01/2016,1:00 PM,160,24,98,60,43
15/01/2016,2:00 PM,154,33,87,59,46
15/01/2016,3:00 PM,132,31,76,51,---
15/01/2016,4:00 PM,128,31,72,57,---
15/01/2016,5:00 PM,132,30,80,76,---
15/01/2016,6:00 PM,138,34,102,77,---
15/01/2016,7:00 PM,137,35,102,66,---
15/01/2016,8:00 PM,153,36,90,64,---
15/01/2016,9:00 PM,124,35,101,60,---
15/01/2016,10:00 PM,144,41,106,77,---
15/01/2016,11:00 PM,135,41,118,85,---
15/01/2016 24:00 AM,,150,43,122,92,---
16/01/2016,1:00 AM,153,37,117,105,---
16/01/2016,2:00 AM,157,55,123,138,---
16/01/2016,3:00 AM,160,57,122,172,---
16/01/2016,4:00 AM,189,55,133,129,---
16/01/2016,5:00 AM,154,70,144,101,---
16/01/2016,6:00 AM,174,63,103,73,---
16/01/2016,7:00 AM,138,69,120,64,---
16/01/2016,8:00 AM,121,76,182,67,---
16/01/2016,9:00 AM,137,77,191,83,---
16/01/2016,10:00 AM,141,71,163,65,---
16/01/2016,11:00 AM,154,26,130,53,---
16/01/2016,12:00 PM,141,23,130,42,---
16/01/2016,1:00 PM,146,113,156,40,---
16/01/2016,2:00 PM,132,35,126,40,---
16/01/2016,3:00 PM,126,30,118,39,---
16/01/2016,4:00 PM,126,25,133,45,---
16/01/2016,5:00 PM,127,25,126,47,---
16/01/2016,6:00 PM,144,22,145,38,---
16/01/2016,7:00 PM,159,28,165,42,---
16/01/2016,8:00 PM,157,30,175,52,---
16/01/2016,9:00 PM,161,25,179,51,---
16/01/2016,10:00 PM,163,31,187,62,---
16/01/2016,11:00 PM,175,31,169,60,---
16/01/2016 24:00 AM,,145,22,173,91,---
17/01/2016,1:00 AM,141,26,173,127,---
17/01/2016,2:00 AM,135,27,161,106,---
17/01/2016,3:00 AM,144,36,176,98,---
17/01/2016,4:00 AM,153,43,179,119,---
17/01/2016,5:00 AM,156,51,215,106,---
17/01/2016,6:00 AM,173,48,222,110,---
17/01/2016,7:00 AM,156,81,245,102,---
17/01/2016,8:00 AM,147,80,219,122,---
17/01/2016,9:00 AM,162,73,186,133,---
17/01/2016,10:00 AM,169,---,129,114,---
17/01/2016,11:00 AM,160,---,132,56,---
17/01/2016,12:00 PM,184,---,134,41,---
17/01/2016,1:00 PM,161,---,134,50,---
17/01/2016,2:00 PM,175,---,142,38,---
17/01/2016,3:00 PM,177,24,136,34,---
17/01/2016,4:00 PM,176,22,128,35,---
17/01/2016,5:00 PM,198,24,137,34,---
17/01/2016,6:00 PM,225,25,140,37,---
17/01/2016,7:00 PM,232,30,178,42,---
17/01/2016,8:00 PM,239,25,224,49,---
17/01/2016,9:00 PM,267,32,206,54,---
17/01/2016,10:00 PM,303,34,225,71,---
17/01/2016,11:00 PM,295,37,227,83,---
17/01/2016 24:00 AM,,279,36,233,90,---
18/01/2016,1:00 AM,268,27,249,98,---
18/01/2016,2:00 AM,261,28,235,112,---
18/01/2016,3:00 AM,285,27,253,133,---
18/01/2016,4:00 AM,292,29,258,128,---
18/01/2016,5:00 AM,269,48,263,125,---
18/01/2016,6:00 AM,270,75,236,187,---
18/01/2016,7:00 AM,274,---,236,144,---
18/01/2016,8:00 AM,267,125,253,158,---
18/01/2016,9:00 AM,263,131,190,167,---
18/01/2016,10:00 AM,272,57,147,134,---
18/01/2016,11:00 AM,266,29,143,106,---
18/01/2016,12:00 PM,243,25,126,90,---
18/01/2016,1:00 PM,304,27,112,92,---
18/01/2016,2:00 PM,327,24,106,81,---
18/01/2016,3:00 PM,284,27,118,84,---
18/01/2016,4:00 PM,215,31,126,82,---
18/01/2016,5:00 PM,171,36,112,66,---
18/01/2016,6:00 PM,239,41,121,52,---
18/01/2016,7:00 PM,257,32,120,46,---
18/01/2016,8:00 PM,283,37,141,44,---
18/01/2016,9:00 PM,310,29,149,66,---
18/01/2016,10:00 PM,316,32,158,98,---
18/01/2016,11:00 PM,303,38,179,76,---
18/01/2016 24:00 AM,,289,34,216,75,---
19/01/2016,1:00 AM,290,29,203,92,---
19/01/2016,2:00 AM,231,26,210,124,---
19/01/2016,3:00 AM,206,24,223,137,---
19/01/2016,4:00 AM,192,24,155,129,---
19/01/2016,5:00 AM,192,27,155,113,---
19/01/2016,6:00 AM,197,29,174,133,---
19/01/2016,7:00 AM,205,37,225,138,---
19/01/2016,8:00 AM,225,102,238,161,---
19/01/2016,9:00 AM,263,98,234,181,---
19/01/2016,10:00 AM,308,21,210,149,---
19/01/2016,11:00 AM,338,15,168,78,---
19/01/2016,12:00 PM,349,25,179,49,---
19/01/2016,1:00 PM,403,32,141,25,---
19/01/2016,2:00 PM,400,26,116,19,---
19/01/2016,3:00 PM,328,29,118,22,40
19/01/2016,4:00 PM,340,27,138,27,43
19/01/2016,5:00 PM,366,27,137,28,48
19/01/2016,6:00 PM,356,27,142,23,50
19/01/2016,7:00 PM,358,34,149,29,50
19/01/2016,8:00 PM,382,33,161,37,64
19/01/2016,9:00 PM,352,30,171,33,63
19/01/2016,10:00 PM,453,28,190,43,76
19/01/2016,11:00 PM,382,26,177,49,68
19/01/2016 24:00 AM,,333,28,153,96,68
20/01/2016,1:00 AM,214,32,134,103,70
20/01/2016,2:00 AM,224,39,117,87,79
20/01/2016,3:00 AM,262,42,111,76,73
20/01/2016,4:00 AM,285,37,112,73,87
20/01/2016,5:00 AM,277,44,121,101,99
20/01/2016,6:00 AM,276,---,161,95,96
20/01/2016,7:00 AM,270,---,193,138,94
20/01/2016,8:00 AM,321,---,181,132,85
20/01/2016,9:00 AM,305,---,162,155,74
20/01/2016,10:00 AM,298,---,167,94,---
20/01/2016,11:00 AM,317,---,179,70,---
20/01/2016,12:00 PM,320,---,170,57,InVld
20/01/2016,1:00 PM,307,39,184,40,InVld
20/01/2016,2:00 PM,295,41,212,22,InVld
20/01/2016,3:00 PM,271,---,196,38,93
20/01/2016,4:00 PM,286,40,188,62,96
20/01/2016,5:00 PM,288,42,182,60,111
20/01/2016,6:00 PM,294,46,191,66,115
20/01/2016,7:00 PM,297,51,190,69,93
20/01/2016,8:00 PM,324,49,190,97,103
20/01/2016,9:00 PM,262,52,164,111,106
20/01/2016,10:00 PM,259,49,160,130,91
20/01/2016,11:00 PM,266,45,140,132,82
20/01/2016 24:00 AM,,314,46,139,130,74
21/01/2016,1:00 AM,256,39,129,121,79
21/01/2016,2:00 AM,195,44,130,139,76
21/01/2016,3:00 AM,184,35,132,75,71
21/01/2016,4:00 AM,179,43,132,58,64
21/01/2016,5:00 AM,175,36,147,52,65
21/01/2016,6:00 AM,178,44,149,46,56
21/01/2016,7:00 AM,176,43,154,64,59
21/01/2016,8:00 AM,170,98,146,71,64
21/01/2016,9:00 AM,180,76,135,82,62
21/01/2016,10:00 AM,217,---,107,72,51
21/01/2016,11:00 AM,235,---,104,69,44
21/01/2016,12:00 PM,230,---,93,56,41
21/01/2016,1:00 PM,219,---,102,---,46
21/01/2016,2:00 PM,204,42,109,---,50
21/01/2016,3:00 PM,210,112,88,---,48
21/01/2016,4:00 PM,188,54,85,---,46
21/01/2016,5:00 PM,183,57,95,---,48
21/01/2016,6:00 PM,164,54,101,---,47
21/01/2016,7:00 PM,173,53,119,---,68
21/01/2016,8:00 PM,194,50,122,67,61
21/01/2016,9:00 PM,246,48,168,91,64
21/01/2016,10:00 PM,254,45,160,96,67
21/01/2016,11:00 PM,253,51,143,92,60
21/01/2016 24:00 AM,,257,37,144,80,60
22/01/2016,1:00 AM,261,39,135,84,55
22/01/2016,2:00 AM,282,40,153,58,49
22/01/2016,3:00 AM,278,42,152,39,42
22/01/2016,4:00 AM,262,62,136,40,36
22/01/2016,5:00 AM,227,67,150,48,39
22/01/2016,6:00 AM,231,74,176,79,43
22/01/2016,7:00 AM,252,92,178,52,42
22/01/2016,8:00 AM,265,116,152,70,50
22/01/2016,9:00 AM,323,130,143,73,56
22/01/2016,10:00 AM,313,53,129,63,41
22/01/2016,11:00 AM,440,38,114,77,45
22/01/2016,12:00 PM,450,51,114,---,38
22/01/2016,1:00 PM,449,51,103,55,44
22/01/2016,2:00 PM,455,45,95,45,45
22/01/2016,3:00 PM,424,---,88,38,48
22/01/2016,4:00 PM,382,InVld,87,50,48
22/01/2016,5:00 PM,349,81,93,42,46
22/01/2016,6:00 PM,331,66,106,57,66
22/01/2016,7:00 PM,351,66,113,77,69
22/01/2016,8:00 PM,363,60,129,78,68
22/01/2016,9:00 PM,351,47,127,82,86
22/01/2016,10:00 PM,331,43,158,81,54
22/01/2016,11:00 PM,328,36,171,65,60
22/01/2016 24:00 AM,,364,26,178,87,59
23/01/2016,1:00 AM,381,15,177,144,57
23/01/2016,2:00 AM,350,17,177,156,51
23/01/2016,3:00 AM,322,28,153,110,62
23/01/2016,4:00 AM,302,16,128,102,58
23/01/2016,5:00 AM,281,20,124,88,48
23/01/2016,6:00 AM,283,6,138,104,44
23/01/2016,7:00 AM,288,8,137,84,63
23/01/2016,8:00 AM,297,23,144,81,79
23/01/2016,9:00 AM,276,18,173,70,111
23/01/2016,10:00 AM,251,32,187,75,97
23/01/2016,11:00 AM,220,31,152,81,75
23/01/2016,12:00 PM,192,23,129,74,73
23/01/2016,1:00 PM,163,159,116,58,74
23/01/2016,2:00 PM,136,55,115,58,65
23/01/2016,3:00 PM,278,46,114,41,57
23/01/2016,4:00 PM,288,30,109,58,57
23/01/2016,5:00 PM,209,32,98,58,53
23/01/2016,6:00 PM,194,44,114,52,52
23/01/2016,7:00 PM,212,46,152,66,64
23/01/2016,8:00 PM,245,32,189,83,75
23/01/2016,9:00 PM,313,20,227,75,77
23/01/2016,10:00 PM,398,13,217,102,76
23/01/2016,11:00 PM,417,13,176,109,81
23/01/2016 24:00 AM,,430,19,176,160,86
24/01/2016,1:00 AM,433,19,196,116,76
24/01/2016,2:00 AM,416,13,204,143,67
24/01/2016,3:00 AM,402,21,190,162,68
24/01/2016,4:00 AM,380,19,197,127,70
24/01/2016,5:00 AM,373,24,175,96,71
24/01/2016,6:00 AM,268,24,181,106,85
24/01/2016,7:00 AM,261,30,189,129,91
24/01/2016,8:00 AM,251,29,214,102,90
24/01/2016,9:00 AM,249,23,188,109,92
24/01/2016,10:00 AM,251,21,172,89,95
24/01/2016,11:00 AM,317,28,174,76,90
24/01/2016,12:00 PM,351,27,135,82,85
24/01/2016,1:00 PM,459,30,111,75,80
24/01/2016,2:00 PM,463,39,110,74,73
24/01/2016,3:00 PM,381,32,107,70,58
24/01/2016,4:00 PM,347,40,107,75,72
24/01/2016,5:00 PM,354,33,107,71,73
24/01/2016,6:00 PM,365,29,122,66,71
24/01/2016,7:00 PM,345,40,138,79,85
24/01/2016,8:00 PM,357,31,153,76,87
24/01/2016,9:00 PM,328,36,196,74,97
24/01/2016,10:00 PM,311,30,206,89,102
24/01/2016,11:00 PM,282,29,238,101,101
24/01/2016 24:00 AM,,257,28,246,132,100
25/01/2016,1:00 AM,201,26,233,155,90
25/01/2016,2:00 AM,202,25,222,141,74
25/01/2016,3:00 AM,333,19,202,136,74
25/01/2016,4:00 AM,206,19,187,122,75
25/01/2016,5:00 AM,210,22,219,193,93
25/01/2016,6:00 AM,219,52,232,214,69
25/01/2016,7:00 AM,209,71,235,204,66
25/01/2016,8:00 AM,228,97,251,372,65
25/01/2016,9:00 AM,247,116,278,256,67
25/01/2016,10:00 AM,266,21,258,178,66
25/01/2016,11:00 AM,282,27,192,189,66
25/01/2016,12:00 PM,298,---,173,162,70
25/01/2016,1:00 PM,307,---,150,85,68
25/01/2016,2:00 PM,275,---,118,45,68
25/01/2016,3:00 PM,239,---,104,39,70
25/01/2016,4:00 PM,222,---,99,36,73
25/01/2016,5:00 PM,187,20,99,42,78
25/01/2016,6:00 PM,173,26,123,59,73
25/01/2016,7:00 PM,200,33,163,55,74
25/01/2016,8:00 PM,243,27,222,53,77
25/01/2016,9:00 PM,324,28,331,46,82
25/01/2016,10:00 PM,306,26,270,64,74
25/01/2016,11:00 PM,254,24,242,70,71
25/01/2016 24:00 AM,,296,---,231,81,66
26/01/2016,1:00 AM,288,23,225,257,55
26/01/2016,2:00 AM,338,21,228,165,54
26/01/2016,3:00 AM,334,24,248,120,49
26/01/2016,4:00 AM,326,27,179,138,48
26/01/2016,5:00 AM,324,24,195,171,46
26/01/2016,6:00 AM,332,31,186,189,68
26/01/2016,7:00 AM,326,33,190,241,76
26/01/2016,8:00 AM,321,136,220,97,68
26/01/2016,9:00 AM,378,134,221,85,67
26/01/2016,10:00 AM,524,26,185,76,62
26/01/2016,11:00 AM,567,25,152,126,71
26/01/2016,12:00 PM,505,28,118,72,65
26/01/2016,1:00 PM,461,26,124,41,61
26/01/2016,2:00 PM,471,30,136,41,58
26/01/2016,3:00 PM,391,22,128,37,57
26/01/2016,4:00 PM,285,27,127,33,55
26/01/2016,5:00 PM,230,27,130,29,56
26/01/2016,6:00 PM,240,28,132,37,64
26/01/2016,7:00 PM,249,37,220,40,66
26/01/2016,8:00 PM,250,26,353,66,67
26/01/2016,9:00 PM,273,27,337,71,64
26/01/2016,10:00 PM,306,25,340,78,69
26/01/2016,11:00 PM,323,19,255,121,63
26/01/2016 24:00 AM,,357,18,268,134,62
27/01/2016,1:00 AM,386,19,206,153,64
27/01/2016,2:00 AM,396,21,216,115,53
27/01/2016,3:00 AM,372,28,232,111,54
27/01/2016,4:00 AM,373,25,272,95,58
27/01/2016,5:00 AM,368,27,313,75,61
27/01/2016,6:00 AM,372,31,272,95,54
27/01/2016,7:00 AM,364,133,263,122,67
27/01/2016,8:00 AM,354,150,248,153,67
27/01/2016,9:00 AM,312,114,189,135,71
27/01/2016,10:00 AM,218,---,153,194,94
27/01/2016,11:00 AM,184,17,129,115,84
27/01/2016,12:00 PM,121,10,142,78,78
27/01/2016,1:00 PM,118,16,131,66,78
27/01/2016,2:00 PM,131,18,115,69,64
27/01/2016,3:00 PM,111,13,120,50,58
27/01/2016,4:00 PM,103,18,128,57,52
27/01/2016,5:00 PM,132,15,148,49,57
27/01/2016,6:00 PM,235,18,138,46,61
27/01/2016,7:00 PM,250,22,156,66,89
27/01/2016,8:00 PM,274,22,178,90,145
27/01/2016,9:00 PM,358,22,193,105,205
27/01/2016,10:00 PM,383,20,238,111,100
27/01/2016,11:00 PM,352,20,198,131,106
27/01/2016 24:00 AM,,363,17,191,121,83
28/01/2016,1:00 AM,366,13,194,182,73
28/01/2016,2:00 AM,341,17,168,187,71
28/01/2016,3:00 AM,325,13,157,211,69
28/01/2016,4:00 AM,321,20,139,187,72
28/01/2016,5:00 AM,323,9,191,185,73
28/01/2016,6:00 AM,337,30,196,192,64
28/01/2016,7:00 AM,348,56,235,188,70
28/01/2016,8:00 AM,395,112,221,217,127
28/01/2016,9:00 AM,454,121,220,234,154
28/01/2016,10:00 AM,508,30,180,218,199
28/01/2016,11:00 AM,401,33,171,238,113
28/01/2016,12:00 PM,195,17,128,89,92
28/01/2016,1:00 PM,174,14,127,123,66
28/01/2016,2:00 PM,137,16,121,164,57
28/01/2016,3:00 PM,180,14,120,151,46
28/01/2016,4:00 PM,118,16,118,88,44
28/01/2016,5:00 PM,122,13,120,78,48
28/01/2016,6:00 PM,133,18,149,70,50
28/01/2016,7:00 PM,135,20,174,87,77
28/01/2016,8:00 PM,198,22,228,116,99
28/01/2016,9:00 PM,231,16,240,166,134
28/01/2016,10:00 PM,295,12,241,183,100
28/01/2016,11:00 PM,349,15,227,223,95
28/01/2016 24:00 AM,,515,9,202,214,95
29/01/2016,1:00 AM,373,10,200,233,77
29/01/2016,2:00 AM,353,9,181,248,81
29/01/2016,3:00 AM,382,11,190,236,95
29/01/2016,4:00 AM,376,9,175,229,96
29/01/2016,5:00 AM,382,22,173,209,88
29/01/2016,6:00 AM,375,51,186,179,93
29/01/2016,7:00 AM,382,102,217,185,95
29/01/2016,8:00 AM,454,102,239,204,121
29/01/2016,9:00 AM,496,94,247,242,139
29/01/2016,10:00 AM,416,7,---,221,159
29/01/2016,11:00 AM,340,NoData,228,105,63
29/01/2016,12:00 PM,InVld,---,164,93,56
29/01/2016,1:00 PM,153,---,124,124,59
29/01/2016,2:00 PM,137,---,111,116,58
29/01/2016,3:00 PM,286,---,111,104,47
29/01/2016,4:00 PM,267,---,110,86,44
29/01/2016,5:00 PM,242,---,116,71,45
29/01/2016,6:00 PM,257,---,131,61,52
29/01/2016,7:00 PM,272,---,177,59,59
29/01/2016,8:00 PM,265,---,186,61,80
29/01/2016,9:00 PM,466,---,195,84,93
29/01/2016,10:00 PM,428,---,193,114,114
29/01/2016,11:00 PM,382,---,239,151,97
29/01/2016 24:00 AM,,403,---,235,174,90
30/01/2016,1:00 AM,391,---,261,170,117
30/01/2016,2:00 AM,387,---,231,117,89
30/01/2016,3:00 AM,398,---,215,95,96
30/01/2016,4:00 AM,368,---,205,90,70
30/01/2016,5:00 AM,358,---,200,78,65
30/01/2016,6:00 AM,329,---,215,228,80
30/01/2016,7:00 AM,305,---,231,150,106
30/01/2016,8:00 AM,253,---,248,148,123
30/01/2016,9:00 AM,306,---,202,168,133
30/01/2016,10:00 AM,429,---,138,152,89
30/01/2016,11:00 AM,348,---,130,136,58
30/01/2016,12:00 PM,308,---,128,115,52
30/01/2016,1:00 PM,152,---,143,116,52
30/01/2016,2:00 PM,178,---,109,124,56
30/01/2016,3:00 PM,200,---,100,114,1985
30/01/2016,4:00 PM,213,---,104,106,1985
30/01/2016,5:00 PM,221,---,117,128,44
30/01/2016,6:00 PM,296,---,128,143,53
30/01/2016,7:00 PM,405,---,154,132,63
30/01/2016,8:00 PM,552,---,271,145,79
30/01/2016,9:00 PM,470,---,163,145,82
30/01/2016,10:00 PM,530,---,153,132,86
30/01/2016,11:00 PM,493,---,143,143,86
30/01/2016 24:00 AM,,528,---,138,127,92
31/01/2016,1:00 AM,496,---,125,107,96
31/01/2016,2:00 AM,466,---,111,113,132
31/01/2016,3:00 AM,419,---,102,103,111
31/01/2016,4:00 AM,387,---,91,91,78
31/01/2016,5:00 AM,349,---,---,76,149
31/01/2016,6:00 AM,334,---,92,86,103
31/01/2016,7:00 AM,345,---,90,101,124
31/01/2016,8:00 AM,327,---,91,187,173
31/01/2016,9:00 AM,286,---,80,175,137
31/01/2016,10:00 AM,310,---,100,143,95
31/01/2016,11:00 AM,251,---,100,130,81
31/01/2016,12:00 PM,209,---,119,136,74
31/01/2016,1:00 PM,174,---,122,112,66
31/01/2016,2:00 PM,128,---,116,85,69
31/01/2016,3:00 PM,90,---,98,69,73
31/01/2016,4:00 PM,76,---,101,57,57
31/01/2016,5:00 PM,117,---,70,83,48
31/01/2016,6:00 PM,119,---,80,72,56
31/01/2016,7:00 PM,122,NoData,115,74,61
31/01/2016,8:00 PM,155,---,169,96,81
31/01/2016,9:00 PM,143,---,251,104,77
31/01/2016,10:00 PM,119,---,211,108,88
31/01/2016,11:00 PM,111,---,188,136,91
31/01/2016 24:00 AM,,99,---,228,157,135
